Workbook

Sheet exp_arms
B14: Control | C14: Forced Commitment | D14: Choice Commitment
A15: Branch-day | B15: 85 | C15: 81 | D15: 94
A16: Loans | B16: 1770 | C16: 1954 | D16: 2580
A17: Survey | B17: 1386 | C17: 1469 | D17: 1982
A18: Take-up | B18: 0.96688742 | C18: 0.95590682 | D18: 0.96198454
A19: Borrowers | B19: 1228 | C19: 1424 | D19: 1791
A20: Borrowers surveys | B20: 993 | C20: 1130 | D20: 1442
B22: Start exp | C22: End exp | D22: Start data | E22: End data | F22: Start obs | G22: End obs
B23: 19246 | C23: 19348 | D23: 19207 | E23: 19583 | F23: 20455 | G23: 22064
B24: =B23+21916 -> 41162 | C24: =C23+21916 -> 41264 | D24: =D23+21916 -> 41123 | E24: =E23+21916 -> 41499 | F24: =F23+21916 -> 42371 | G24: =G23+21916 -> 43980
C26: =C23-B23 -> 102 | D26: =E23-D23 -> 376 | E26: =E23-C23 -> 235

Sheet consort
B2: Timeline
B4: =exp_arms!D24 -> 41123 | E4: 6 Branches in Mexico City selected to be part of study
B6: =exp_arms!B24 -> 41162 | E6: Experimental Phase | F6: : Random assignment begins at branch/day level
F8: Mandatory structure | I8: Control
F10: Mandatory | G10: Choice | I10: Status-quo
E12: Branch-Days | F12: =exp_arms!C15 -> 81 | G12: =exp_arms!D15 -> 94 | I12: =exp_arms!B15 -> 85
E13: Loans | F13: =exp_arms!C16 -> 1954 | G13: =exp_arms!D16 -> 2580 | I13: =exp_arms!B16 -> 1770
E14: Loan's surveys | F14: =exp_arms!C17 -> 1469 | G14: =exp_arms!D17 -> 1982 | I14: =exp_arms!B17 -> 1386
E15: Borrowers | F15: =exp_arms!C19 -> 1424 | G15: =exp_arms!D19 -> 1791 | I15: =exp_arms!B19 -> 1228
E16: Borrower's surveys | F16: =exp_arms!C20 -> 1130 | G16: =exp_arms!D20 -> 1442 | I16: =exp_arms!B20 -> 993
B18: =exp_arms!C24 -> 41264 | E18: Experiment ends - All arms switched to status-quo
B21: =exp_arms!E24 -> 41499 | E21: End of observation period
